Id|PersonId|SubscriptionId|LastModified|Created|Status
1|24|UO220200|2018-07-08 19:57:45.000|2018-07-08 19:57:45.000|1
2|25|UO221371|2018-07-08 19:57:45.000|2018-07-08 19:57:45.000|1
3|26|UO225476|2018-07-08 19:57:45.000|2018-07-08 19:57:45.000|1
4|27|UO218844|2018-07-08 19:57:45.000|2018-07-08 19:57:45.000|1
5|28|UO224798|2018-07-08 19:57:45.000|2018-07-08 19:57:45.000|1
6|29|UO223346|2018-07-08 19:57:45.000|2018-07-08 19:57:45.000|1
7|30|UO218540|2018-07-08 19:57:45.000|2018-07-08 19:57:45.000|1
8|31|UO226757|2018-07-08 19:57:45.000|2018-07-08 19:57:45.000|1
9|32|UO226784|2018-07-08 19:57:45.000|2018-07-08 19:57:45.000|1
10|33|UO217327|2018-07-08 19:57:45.000|2018-07-08 19:57:45.000|1
11|34|UO226310|2018-07-08 19:57:45.000|2018-07-08 19:57:45.000|1
12|35|UO224862|2018-07-08 19:57:45.000|2018-07-08 19:57:45.000|1
13|36|UO217358|2018-07-08 19:57:45.000|2018-07-08 19:57:45.000|1
14|37|UO225962|2018-07-08 19:57:45.000|2018-07-08 19:57:45.000|1
15|38|UO226448|2018-07-08 19:57:45.000|2018-07-08 19:57:45.000|1
16|39|UO217103|2018-07-08 19:57:45.000|2018-07-08 19:57:45.000|1
17|40|UO224395|2018-07-08 19:57:45.000|2018-07-08 19:57:45.000|1
18|41|UO218684|2018-07-08 19:57:45.000|2018-07-08 19:57:45.000|1
19|42|UO201985|2018-07-08 19:57:45.000|2018-07-08 19:57:45.000|1
20|43|UO213311|2018-07-08 19:57:45.000|2018-07-08 19:57:45.000|1
21|44|UO224962|2018-07-08 19:57:46.000|2018-07-08 19:57:46.000|1
22|45|UO216778|2018-07-08 19:57:46.000|2018-07-08 19:57:46.000|1
23|46|UO218186|2018-07-08 19:57:46.000|2018-07-08 19:57:46.000|1
24|47|UO225964|2018-07-08 19:57:46.000|2018-07-08 19:57:46.000|1
25|48|UO226438|2018-07-08 19:57:46.000|2018-07-08 19:57:46.000|1
26|49|UO218115|2018-07-08 19:57:46.000|2018-07-08 19:57:46.000|1
27|50|UO213175|2018-07-08 19:57:46.000|2018-07-08 19:57:46.000|1
28|51|UO217690|2018-07-08 19:57:46.000|2018-07-08 19:57:46.000|1
29|52|UO208670|2018-07-08 19:57:46.000|2018-07-08 19:57:46.000|1
30|53|UO218730|2018-07-08 19:57:46.000|2018-07-08 19:57:46.000|1
31|54|UO212469|2018-07-08 19:57:46.000|2018-07-08 19:57:46.000|1
32|55|UO219344|2018-07-08 19:57:46.000|2018-07-08 19:57:46.000|1
33|56|UO204336|2018-07-08 19:57:46.000|2018-07-08 19:57:46.000|1
34|57|UO133460|2018-07-08 19:57:46.000|2018-07-08 19:57:46.000|1
35|58|UO217527|2018-07-08 19:57:46.000|2018-07-08 19:57:46.000|1
36|59|UO507250|2018-07-08 19:57:46.000|2018-07-08 19:57:46.000|1
37|60|UO218256|2018-07-08 19:57:46.000|2018-07-08 19:57:46.000|1
38|61|UO219037|2018-07-08 19:57:46.000|2018-07-08 19:57:46.000|1
39|62|UO210010|2018-07-08 19:57:46.000|2018-07-08 19:57:46.000|1
40|63|UO225895|2018-07-08 19:57:46.000|2018-07-08 19:57:46.000|1
