Id|IdentityCard|Name|LastName|Email|LastModified|Created|Status
1|00000001|José Enrique|Silva Calderón|UO859632@email.com|2018-07-12 23:10:34.314795|2018-07-12 23:10:34.314795|t
2|00000002|Ronald|Huacca Incacutipa|UO859633@email.com|2018-07-12 23:10:34.315902|2018-07-12 23:10:34.315902|t
3|00000003|Enrique Alejandro|Cabellos Barboza|UO875964@email.com|2018-07-12 23:10:34.316766|2018-07-12 23:10:34.316766|t
4|00000004|Pablo Amado|Vásquez Espinoza|UO124921@email.com|2018-07-12 23:10:34.317517|2018-07-12 23:10:34.317517|t
5|00000005|Luis Alberto Jesús|Arenas Rojas|UO583745@email.com|2018-07-12 23:10:34.318288|2018-07-12 23:10:34.318288|t
6|00000006|Eduardo Antonio|Ramal Álvarez|UO898758@email.com|2018-07-12 23:10:34.31907|2018-07-12 23:10:34.31907|t
7|00000007|Sandy Paola|Vera Espinoza|UO235426ra@email.com|2018-07-12 23:10:34.319854|2018-07-12 23:10:34.319854|t
8|00000008|Sandro Miguel|Salcedo Mamani|UO893147@email.com|2018-07-12 23:10:34.320581|2018-07-12 23:10:34.320581|t
9|00000009|Debbie Peter|Muñante Melgar|UO963673@email.com|2018-07-12 23:10:34.321301|2018-07-12 23:10:34.321301|t
10|00000010|Luis Alberto|Aduvire Soto|UO872165@email.com|2018-07-12 23:10:34.322035|2018-07-12 23:10:34.322035|t
11|00000011|Hernan Federico|Diaz Zelada|UO478932@email.com|2018-07-12 23:10:34.322756|2018-07-12 23:10:34.322756|t
12|00000012|Cristobal Benji|Machaca Quispe|UO452369@email.com|2018-07-12 23:10:34.323481|2018-07-12 23:10:34.323481|t
13|00000013|Jehovanni Fabricio|Velarde Molina|UO774247@email.com|2018-07-12 23:10:34.324204|2018-07-12 23:10:34.324204|t
14|00000014|Elmer Jesús|Cruz Arocutipa|UO896326@email.com|2018-07-12 23:10:34.324892|2018-07-12 23:10:34.324892|t
15|00000015|Giomar Walter|Moscoso Zegarra|UO896324@email.com|2018-07-12 23:10:34.325639|2018-07-12 23:10:34.325639|t
16|00000016|Luis Enrique|Espinoza Villalobos|UO256932@email.com|2018-07-12 23:10:34.326441|2018-07-12 23:10:34.326441|t
17|00000017|Ernesto Alessandro|Leo Rossi|UO257896@email.com|2018-07-12 23:10:34.328131|2018-07-12 23:10:34.328131|t
18|00000018|Luis Enrique|Quiñones Baraybar|UO236415@email.com|2018-07-12 23:10:34.329032|2018-07-12 23:10:34.329032|t
19|00000019|Ben Yusef|Yabar Vega|UO213695r@email.com|2018-07-12 23:10:34.329779|2018-07-12 23:10:34.329779|t
20|00000020|César Alonso|Calle Herencia|UO213693@email.com|2018-07-12 23:10:34.330521|2018-07-12 23:10:34.330521|t
21|00000021|Francisco|Mora|UO213694@email.com|2018-07-12 23:10:34.331246|2018-07-12 23:10:34.331246|t
22|00000022|Aldo|Larriviere|UO231254@email.com|2018-07-12 23:10:34.331961|2018-07-12 23:10:34.331961|t
23|00000023|Hebert|Tellería Navarro|UO213695@email.com|2018-07-12 23:10:34.33266|2018-07-12 23:10:34.33266|t
24|00000024|María|Álvarez Cuartas|UO220200@email.com|2018-07-12 23:10:34.33344|2018-07-12 23:10:34.33344|t
25|00000025|Benito|Álvarez García|UO221371@email.com|2018-07-12 23:10:34.33416|2018-07-12 23:10:34.33416|t
26|00000026|Emilio|Álvarez Rodríguez|UO225476@email.com|2018-07-12 23:10:34.334847|2018-07-12 23:10:34.334847|t
27|00000027|María|Álvarez Tamargo|UO218844@email.com|2018-07-12 23:10:34.335536|2018-07-12 23:10:34.335536|t
28|00000028|Julio|Astray Sánchez|UO224798@email.com|2018-07-12 23:10:34.33624|2018-07-12 23:10:34.33624|t
29|00000029|Moisés|Barrera Cuervo|UO223346@email.com|2018-07-12 23:10:34.336957|2018-07-12 23:10:34.336957|t
30|00000030|Paula|Campo Rilo|UO218540@email.com|2018-07-12 23:10:34.337645|2018-07-12 23:10:34.337645|t
31|00000031|Jaime|Cortés-echánove García|UO226757@email.com|2018-07-12 23:10:34.33839|2018-07-12 23:10:34.33839|t
32|00000032|Íñigo|Díaz Ubieta|UO226784@email.com|2018-07-12 23:10:34.339107|2018-07-12 23:10:34.339107|t
33|00000033|Bruno|Fernández Espina|UO217327@email.com|2018-07-12 23:10:34.339812|2018-07-12 23:10:34.339812|t
34|00000034|Héctor|Fernández Fernández-nespral|UO226310@email.com|2018-07-12 23:10:34.340573|2018-07-12 23:10:34.340573|t
35|00000035|Pedro|Fernández Somoano|UO224862@email.com|2018-07-12 23:10:34.341285|2018-07-12 23:10:34.341285|t
36|00000036|Alejandra|García Fernández|UO217358@email.com|2018-07-12 23:10:34.342094|2018-07-12 23:10:34.342094|t
37|00000037|Beatriz|García García|UO225962@email.com|2018-07-12 23:10:34.342719|2018-07-12 23:10:34.342719|t
38|00000038|Pablo|García García|UO226448@email.com|2018-07-12 23:10:34.343367|2018-07-12 23:10:34.343367|t
39|00000039|Guillermo|García González|UO217103@email.com|2018-07-12 23:10:34.344838|2018-07-12 23:10:34.344838|t
40|00000040|Adrián|García Suárez|UO224395@email.com|2018-07-12 23:10:34.345642|2018-07-12 23:10:34.345642|t
41|00000041|Antonio|González García|UO218684@email.com|2018-07-12 23:10:34.346355|2018-07-12 23:10:34.346355|t
42|00000042|Maria Adelaida|González Tomás|UO201985@email.com|2018-07-12 23:10:34.347046|2018-07-12 23:10:34.347046|t
43|00000043|Lucía|Iglesias Santirso|UO213311@email.com|2018-07-12 23:10:34.347787|2018-07-12 23:10:34.347787|t
44|00000044|Juan Manuel|Martínez Álvarez|UO224962@email.com|2018-07-12 23:10:34.348514|2018-07-12 23:10:34.348514|t
45|00000045|Paula|Martínez Morán|UO216778@email.com|2018-07-12 23:10:34.354741|2018-07-12 23:10:34.354741|t
46|00000046|Virginia María|Mas Andrés|UO218186@email.com|2018-07-12 23:10:34.355561|2018-07-12 23:10:34.355561|t
47|00000047|Guillermo|Menéndez Gutiérrez|UO225964@email.com|2018-07-12 23:10:34.356238|2018-07-12 23:10:34.356238|t
48|00000048|Víctor|Nicieza Fernández|UO226438@email.com|2018-07-12 23:10:34.357063|2018-07-12 23:10:34.357063|t
49|00000049|Peru|Ornosa Miravalles|UO218115@email.com|2018-07-12 23:10:34.357827|2018-07-12 23:10:34.357827|t
50|00000050|Oriol|Ortega Moro|UO213175@email.com|2018-07-12 23:10:34.358608|2018-07-12 23:10:34.358608|t
51|00000051|Fabián|Pérez Fernández|UO217690@email.com|2018-07-12 23:10:34.359416|2018-07-12 23:10:34.359416|t
52|00000052|Fernando|Pérez Gutiérrez|UO208670@email.com|2018-07-12 23:10:34.360173|2018-07-12 23:10:34.360173|t
53|00000053|María|Quevedo Alvaréz|UO218730@email.com|2018-07-12 23:10:34.360962|2018-07-12 23:10:34.360962|t
54|00000054|David|Rodríguez Alonso|UO212469@email.com|2018-07-12 23:10:34.361682|2018-07-12 23:10:34.361682|t
55|00000055|Borja|Rodríguez Peláez|UO219344@email.com|2018-07-12 23:10:34.362529|2018-07-12 23:10:34.362529|t
56|00000056|Javier|Rodríguez Rodríguez|UO204336@email.com|2018-07-12 23:10:34.363397|2018-07-12 23:10:34.363397|t
57|00000057|Joaquín|Rosal Fraga|UO13346@email.com|2018-07-12 23:10:34.36408|2018-07-12 23:10:34.36408|t
58|00000058|Miriam|Ruiz Gómez|UO217527@email.com|2018-07-12 23:10:34.364754|2018-07-12 23:10:34.364754|t
59|00000059|Héctor Miguel|Sanz De Pedro|UO50725@email.com|2018-07-12 23:10:34.365429|2018-07-12 23:10:34.365429|t
60|00000060|Álvaro|Serrano Fernández De Travanco|UO218256@email.com|2018-07-12 23:10:34.366133|2018-07-12 23:10:34.366133|t
61|00000061|Ramón|Torrecillas Reig|UO219037@email.com|2018-07-12 23:10:34.367046|2018-07-12 23:10:34.367046|t
62|00000062|Mario|Villa Carro|UO210010@email.com|2018-07-12 23:10:34.367794|2018-07-12 23:10:34.367794|t
63|00000063|Jorge|Zapico Álvarez|UO225895@email.com|2018-07-12 23:10:34.368494|2018-07-12 23:10:34.368494|t
