Id|StartTime|EndTime|Day|CareerScheduleId|ClassRoomId|SpeakerId|CareerDetailId|LastModified|Created|Status
1|08:00:00|10:00:00|Mon|1|1|1|1|2018-07-08 19:57:46|2018-07-08 19:57:46|t
2|10:00:00|12:00:00|Mon|1|2|2|2|2018-07-08 19:57:46|2018-07-08 19:57:46|t
3|12:00:00|14:00:00|Mon|1|3|3|3|2018-07-08 19:57:46|2018-07-08 19:57:46|t
4|08:00:00|10:00:00|Tue|1|4|4|4|2018-07-08 19:57:46|2018-07-08 19:57:46|t
5|10:00:00|12:00:00|Tue|1|5|5|5|2018-07-08 19:57:46|2018-07-08 19:57:46|t
6|12:00:00|14:00:00|Tue|1|1|6|6|2018-07-08 19:57:46|2018-07-08 19:57:46|t
7|08:00:00|10:00:00|Wed|1|2|7|7|2018-07-08 19:57:46|2018-07-08 19:57:46|t
8|10:00:00|12:00:00|Wed|1|1|1|1|2018-07-08 19:57:46|2018-07-08 19:57:46|t
9|12:00:00|14:00:00|Wed|1|2|2|2|2018-07-08 19:57:46|2018-07-08 19:57:46|t
10|08:00:00|10:00:00|Thu|1|3|3|3|2018-07-08 19:57:46|2018-07-08 19:57:46|t
11|10:00:00|12:00:00|Thu|1|4|4|4|2018-07-08 19:57:46|2018-07-08 19:57:46|t
12|12:00:00|14:00:00|Thu|1|5|5|5|2018-07-08 19:57:46|2018-07-08 19:57:46|t
13|08:00:00|10:00:00|Fri|1|1|6|6|2018-07-08 19:57:46|2018-07-08 19:57:46|t
14|10:00:00|12:00:00|Fri|1|2|7|7|2018-07-08 19:57:46|2018-07-08 19:57:46|t
15|12:00:00|14:00:00|Fri|1|1|1|1|2018-07-08 19:57:46|2018-07-08 19:57:46|t
16|08:00:00|10:00:00|Mon|2|1|8|8|2018-07-08 19:57:46|2018-07-08 19:57:46|t
17|10:00:00|12:00:00|Mon|2|2|9|9|2018-07-08 19:57:46|2018-07-08 19:57:46|t
18|12:00:00|14:00:00|Mon|2|3|10|10|2018-07-08 19:57:46|2018-07-08 19:57:46|t
19|08:00:00|10:00:00|Tue|2|4|11|11|2018-07-08 19:57:46|2018-07-08 19:57:46|t
20|10:00:00|12:00:00|Tue|2|5|12|12|2018-07-08 19:57:46|2018-07-08 19:57:46|t
21|12:00:00|14:00:00|Tue|2|1|13|13|2018-07-08 19:57:46|2018-07-08 19:57:46|t
22|08:00:00|10:00:00|Wed|2|2|14|14|2018-07-08 19:57:46|2018-07-08 19:57:46|t
23|10:00:00|12:00:00|Wed|2|1|8|8|2018-07-08 19:57:46|2018-07-08 19:57:46|t
24|12:00:00|14:00:00|Wed|2|2|9|9|2018-07-08 19:57:46|2018-07-08 19:57:46|t
25|08:00:00|10:00:00|Thu|2|3|10|10|2018-07-08 19:57:46|2018-07-08 19:57:46|t
26|10:00:00|12:00:00|Thu|2|4|11|11|2018-07-08 19:57:46|2018-07-08 19:57:46|t
27|12:00:00|14:00:00|Thu|2|5|12|12|2018-07-08 19:57:46|2018-07-08 19:57:46|t
28|08:00:00|10:00:00|Fri|2|1|13|13|2018-07-08 19:57:46|2018-07-08 19:57:46|t
29|10:00:00|12:00:00|Fri|2|2|14|14|2018-07-08 19:57:46|2018-07-08 19:57:46|t
30|12:00:00|14:00:00|Fri|2|1|8|8|2018-07-08 19:57:46|2018-07-08 19:57:46|t
31|08:00:00|10:00:00|Mon|3|1|15|15|2018-07-08 19:57:46|2018-07-08 19:57:46|t
32|10:00:00|12:00:00|Mon|3|2|16|16|2018-07-08 19:57:46|2018-07-08 19:57:46|t
33|12:00:00|14:00:00|Mon|3|3|17|17|2018-07-08 19:57:46|2018-07-08 19:57:46|t
34|08:00:00|10:00:00|Tue|3|4|18|18|2018-07-08 19:57:46|2018-07-08 19:57:46|t
35|10:00:00|12:00:00|Tue|3|5|19|19|2018-07-08 19:57:46|2018-07-08 19:57:46|t
36|12:00:00|14:00:00|Tue|3|1|20|20|2018-07-08 19:57:46|2018-07-08 19:57:46|t
37|08:00:00|10:00:00|Wed|3|2|21|21|2018-07-08 19:57:46|2018-07-08 19:57:46|t
38|10:00:00|12:00:00|Wed|3|1|15|15|2018-07-08 19:57:46|2018-07-08 19:57:46|t
39|12:00:00|14:00:00|Wed|3|2|16|16|2018-07-08 19:57:46|2018-07-08 19:57:46|t
40|08:00:00|10:00:00|Thu|3|3|17|17|2018-07-08 19:57:46|2018-07-08 19:57:46|t
41|10:00:00|12:00:00|Thu|3|4|18|18|2018-07-08 19:57:46|2018-07-08 19:57:46|t
42|12:00:00|14:00:00|Thu|3|5|19|19|2018-07-08 19:57:46|2018-07-08 19:57:46|t
43|08:00:00|10:00:00|Fri|3|1|20|20|2018-07-08 19:57:46|2018-07-08 19:57:46|t
44|10:00:00|12:00:00|Fri|3|2|21|21|2018-07-08 19:57:46|2018-07-08 19:57:46|t
45|12:00:00|14:00:00|Fri|3|1|15|15|2018-07-08 19:57:46|2018-07-08 19:57:46|t
46|08:00:00|10:00:00|Mon|4|1|22|22|2018-07-08 19:57:46|2018-07-08 19:57:46|t
47|10:00:00|12:00:00|Mon|4|2|23|23|2018-07-08 19:57:46|2018-07-08 19:57:46|t
48|12:00:00|14:00:00|Mon|4|3|1|24|2018-07-08 19:57:46|2018-07-08 19:57:46|t
49|08:00:00|10:00:00|Tue|4|4|2|25|2018-07-08 19:57:46|2018-07-08 19:57:46|t
50|10:00:00|12:00:00|Tue|4|5|3|26|2018-07-08 19:57:46|2018-07-08 19:57:46|t
51|12:00:00|14:00:00|Tue|4|1|4|27|2018-07-08 19:57:46|2018-07-08 19:57:46|t
52|08:00:00|10:00:00|Wed|4|2|5|28|2018-07-08 19:57:46|2018-07-08 19:57:46|t
53|10:00:00|12:00:00|Wed|4|1|22|22|2018-07-08 19:57:46|2018-07-08 19:57:46|t
54|12:00:00|14:00:00|Wed|4|2|23|23|2018-07-08 19:57:47|2018-07-08 19:57:47|t
55|08:00:00|10:00:00|Thu|4|3|1|24|2018-07-08 19:57:47|2018-07-08 19:57:47|t
56|10:00:00|12:00:00|Thu|4|4|2|25|2018-07-08 19:57:47|2018-07-08 19:57:47|t
57|12:00:00|14:00:00|Thu|4|5|3|26|2018-07-08 19:57:47|2018-07-08 19:57:47|t
58|08:00:00|10:00:00|Fri|4|1|4|27|2018-07-08 19:57:47|2018-07-08 19:57:47|t
59|10:00:00|12:00:00|Fri|4|2|5|28|2018-07-08 19:57:47|2018-07-08 19:57:47|t
60|12:00:00|14:00:00|Fri|4|1|22|22|2018-07-08 19:57:47|2018-07-08 19:57:47|t
61|08:00:00|10:00:00|Mon|5|1|6|29|2018-07-08 19:57:47|2018-07-08 19:57:47|t
62|10:00:00|12:00:00|Mon|5|2|7|30|2018-07-08 19:57:47|2018-07-08 19:57:47|t
63|12:00:00|14:00:00|Mon|5|3|8|31|2018-07-08 19:57:47|2018-07-08 19:57:47|t
64|08:00:00|10:00:00|Tue|5|4|9|32|2018-07-08 19:57:47|2018-07-08 19:57:47|t
65|10:00:00|12:00:00|Tue|5|5|10|33|2018-07-08 19:57:47|2018-07-08 19:57:47|t
66|12:00:00|14:00:00|Tue|5|1|11|34|2018-07-08 19:57:47|2018-07-08 19:57:47|t
67|08:00:00|10:00:00|Wed|5|2|12|35|2018-07-08 19:57:47|2018-07-08 19:57:47|t
68|10:00:00|12:00:00|Wed|5|1|6|29|2018-07-08 19:57:47|2018-07-08 19:57:47|t
69|12:00:00|14:00:00|Wed|5|2|7|30|2018-07-08 19:57:47|2018-07-08 19:57:47|t
70|08:00:00|10:00:00|Thu|5|3|8|31|2018-07-08 19:57:47|2018-07-08 19:57:47|t
71|10:00:00|12:00:00|Thu|5|4|9|32|2018-07-08 19:57:47|2018-07-08 19:57:47|t
72|12:00:00|14:00:00|Thu|5|5|10|33|2018-07-08 19:57:47|2018-07-08 19:57:47|t
73|08:00:00|10:00:00|Fri|5|1|11|34|2018-07-08 19:57:47|2018-07-08 19:57:47|t
74|10:00:00|12:00:00|Fri|5|2|12|35|2018-07-08 19:57:47|2018-07-08 19:57:47|t
75|12:00:00|14:00:00|Fri|5|1|6|29|2018-07-08 19:57:47|2018-07-08 19:57:47|t
76|08:00:00|10:00:00|Mon|6|1|13|36|2018-07-08 19:57:47|2018-07-08 19:57:47|t
77|10:00:00|12:00:00|Mon|6|2|14|37|2018-07-08 19:57:47|2018-07-08 19:57:47|t
78|12:00:00|14:00:00|Mon|6|3|15|38|2018-07-08 19:57:47|2018-07-08 19:57:47|t
79|08:00:00|10:00:00|Tue|6|4|16|39|2018-07-08 19:57:47|2018-07-08 19:57:47|t
80|10:00:00|12:00:00|Tue|6|5|17|40|2018-07-08 19:57:47|2018-07-08 19:57:47|t
81|12:00:00|14:00:00|Tue|6|1|18|41|2018-07-08 19:57:47|2018-07-08 19:57:47|t
82|08:00:00|10:00:00|Wed|6|2|13|36|2018-07-08 19:57:47|2018-07-08 19:57:47|t
83|10:00:00|12:00:00|Wed|6|1|14|37|2018-07-08 19:57:47|2018-07-08 19:57:47|t
84|12:00:00|14:00:00|Wed|6|2|15|38|2018-07-08 19:57:47|2018-07-08 19:57:47|t
85|08:00:00|10:00:00|Thu|6|3|16|39|2018-07-08 19:57:47|2018-07-08 19:57:47|t
86|10:00:00|12:00:00|Thu|6|4|17|40|2018-07-08 19:57:47|2018-07-08 19:57:47|t
87|12:00:00|14:00:00|Thu|6|5|18|41|2018-07-08 19:57:47|2018-07-08 19:57:47|t
88|08:00:00|10:00:00|Fri|6|1|13|36|2018-07-08 19:57:47|2018-07-08 19:57:47|t
89|10:00:00|12:00:00|Fri|6|2|14|37|2018-07-08 19:57:47|2018-07-08 19:57:47|t
90|12:00:00|14:00:00|Fri|6|1|15|38|2018-07-08 19:57:47|2018-07-08 19:57:47|t
91|08:00:00|10:00:00|Mon|7|1|19|42|2018-07-08 19:57:47|2018-07-08 19:57:47|t
92|10:00:00|12:00:00|Mon|7|2|20|43|2018-07-08 19:57:47|2018-07-08 19:57:47|t
93|12:00:00|14:00:00|Mon|7|3|21|44|2018-07-08 19:57:47|2018-07-08 19:57:47|t
94|08:00:00|10:00:00|Tue|7|4|22|45|2018-07-08 19:57:47|2018-07-08 19:57:47|t
95|10:00:00|12:00:00|Tue|7|5|23|46|2018-07-08 19:57:47|2018-07-08 19:57:47|t
96|12:00:00|14:00:00|Tue|7|1|1|47|2018-07-08 19:57:47|2018-07-08 19:57:47|t
97|08:00:00|10:00:00|Wed|7|2|19|42|2018-07-08 19:57:47|2018-07-08 19:57:47|t
98|10:00:00|12:00:00|Wed|7|1|20|43|2018-07-08 19:57:47|2018-07-08 19:57:47|t
99|12:00:00|14:00:00|Wed|7|2|21|44|2018-07-08 19:57:47|2018-07-08 19:57:47|t
100|08:00:00|10:00:00|Thu|7|3|22|45|2018-07-08 19:57:47|2018-07-08 19:57:47|t
101|10:00:00|12:00:00|Thu|7|4|23|46|2018-07-08 19:57:47|2018-07-08 19:57:47|t
102|12:00:00|14:00:00|Thu|7|5|1|47|2018-07-08 19:57:47|2018-07-08 19:57:47|t
103|08:00:00|10:00:00|Fri|7|1|19|42|2018-07-08 19:57:47|2018-07-08 19:57:47|t
104|10:00:00|12:00:00|Fri|7|2|20|43|2018-07-08 19:57:47|2018-07-08 19:57:47|t
105|12:00:00|14:00:00|Fri|7|1|21|44|2018-07-08 19:57:47|2018-07-08 19:57:47|t
106|08:00:00|10:00:00|Mon|8|1|2|48|2018-07-08 19:57:47|2018-07-08 19:57:47|t
107|10:00:00|12:00:00|Mon|8|2|3|49|2018-07-08 19:57:47|2018-07-08 19:57:47|t
108|12:00:00|14:00:00|Mon|8|3|4|50|2018-07-08 19:57:47|2018-07-08 19:57:47|t
109|08:00:00|10:00:00|Tue|8|4|5|51|2018-07-08 19:57:47|2018-07-08 19:57:47|t
110|10:00:00|12:00:00|Tue|8|5|6|52|2018-07-08 19:57:47|2018-07-08 19:57:47|t
111|12:00:00|14:00:00|Tue|8|1|7|53|2018-07-08 19:57:47|2018-07-08 19:57:47|t
112|08:00:00|10:00:00|Wed|8|2|2|48|2018-07-08 19:57:47|2018-07-08 19:57:47|t
113|10:00:00|12:00:00|Wed|8|1|3|49|2018-07-08 19:57:47|2018-07-08 19:57:47|t
114|12:00:00|14:00:00|Wed|8|2|4|50|2018-07-08 19:57:47|2018-07-08 19:57:47|t
115|08:00:00|10:00:00|Thu|8|3|5|51|2018-07-08 19:57:47|2018-07-08 19:57:47|t
116|10:00:00|12:00:00|Thu|8|4|6|52|2018-07-08 19:57:47|2018-07-08 19:57:47|t
117|12:00:00|14:00:00|Thu|8|5|7|53|2018-07-08 19:57:47|2018-07-08 19:57:47|t
118|08:00:00|10:00:00|Fri|8|1|2|48|2018-07-08 19:57:47|2018-07-08 19:57:47|t
119|10:00:00|12:00:00|Fri|8|2|3|49|2018-07-08 19:57:47|2018-07-08 19:57:47|t
120|12:00:00|14:00:00|Fri|8|1|4|50|2018-07-08 19:57:47|2018-07-08 19:57:47|t
121|08:00:00|10:00:00|Mon|9|1|8|54|2018-07-08 19:57:47|2018-07-08 19:57:47|t
122|10:00:00|12:00:00|Mon|9|2|9|55|2018-07-08 19:57:47|2018-07-08 19:57:47|t
123|12:00:00|14:00:00|Mon|9|3|10|56|2018-07-08 19:57:47|2018-07-08 19:57:47|t
124|08:00:00|10:00:00|Tue|9|4|11|57|2018-07-08 19:57:47|2018-07-08 19:57:47|t
125|10:00:00|12:00:00|Tue|9|5|12|58|2018-07-08 19:57:47|2018-07-08 19:57:47|t
126|12:00:00|14:00:00|Tue|9|1|13|59|2018-07-08 19:57:47|2018-07-08 19:57:47|t
127|08:00:00|10:00:00|Wed|9|2|8|54|2018-07-08 19:57:47|2018-07-08 19:57:47|t
128|10:00:00|12:00:00|Wed|9|1|9|55|2018-07-08 19:57:47|2018-07-08 19:57:47|t
129|12:00:00|14:00:00|Wed|9|2|10|56|2018-07-08 19:57:47|2018-07-08 19:57:47|t
130|08:00:00|10:00:00|Thu|9|3|11|57|2018-07-08 19:57:47|2018-07-08 19:57:47|t
131|10:00:00|12:00:00|Thu|9|4|12|58|2018-07-08 19:57:47|2018-07-08 19:57:47|t
132|12:00:00|14:00:00|Thu|9|5|13|59|2018-07-08 19:57:47|2018-07-08 19:57:47|t
133|08:00:00|10:00:00|Fri|9|1|8|54|2018-07-08 19:57:47|2018-07-08 19:57:47|t
134|10:00:00|12:00:00|Fri|9|2|9|55|2018-07-08 19:57:47|2018-07-08 19:57:47|t
135|12:00:00|14:00:00|Fri|9|1|10|56|2018-07-08 19:57:47|2018-07-08 19:57:47|t
136|08:00:00|10:00:00|Mon|10|1|14|60|2018-07-08 19:57:47|2018-07-08 19:57:47|t
137|10:00:00|12:00:00|Mon|10|2|15|61|2018-07-08 19:57:47|2018-07-08 19:57:47|t
138|12:00:00|14:00:00|Mon|10|3|16|62|2018-07-08 19:57:47|2018-07-08 19:57:47|t
139|08:00:00|10:00:00|Tue|10|4|17|63|2018-07-08 19:57:47|2018-07-08 19:57:47|t
140|10:00:00|12:00:00|Tue|10|5|18|64|2018-07-08 19:57:47|2018-07-08 19:57:47|t
141|12:00:00|14:00:00|Tue|10|1|19|65|2018-07-08 19:57:47|2018-07-08 19:57:47|t
142|08:00:00|10:00:00|Wed|10|2|14|60|2018-07-08 19:57:47|2018-07-08 19:57:47|t
143|10:00:00|12:00:00|Wed|10|1|15|61|2018-07-08 19:57:47|2018-07-08 19:57:47|t
144|12:00:00|14:00:00|Wed|10|2|16|62|2018-07-08 19:57:48|2018-07-08 19:57:48|t
145|08:00:00|10:00:00|Thu|10|3|17|63|2018-07-08 19:57:48|2018-07-08 19:57:48|t
146|10:00:00|12:00:00|Thu|10|4|18|64|2018-07-08 19:57:48|2018-07-08 19:57:48|t
147|12:00:00|14:00:00|Thu|10|5|19|65|2018-07-08 19:57:48|2018-07-08 19:57:48|t
148|08:00:00|10:00:00|Fri|10|1|14|60|2018-07-08 19:57:48|2018-07-08 19:57:48|t
149|10:00:00|12:00:00|Fri|10|2|15|61|2018-07-08 19:57:48|2018-07-08 19:57:48|t
150|12:00:00|14:00:00|Fri|10|1|16|62|2018-07-08 19:57:48|2018-07-08 19:57:48|t
151|08:00:00|10:00:00|Mon|11|1|20|66|2018-07-08 19:57:48|2018-07-08 19:57:48|t
152|10:00:00|12:00:00|Mon|11|2|21|67|2018-07-08 19:57:48|2018-07-08 19:57:48|t
153|12:00:00|14:00:00|Mon|11|3|22|68|2018-07-08 19:57:48|2018-07-08 19:57:48|t
154|08:00:00|10:00:00|Tue|11|4|23|69|2018-07-08 19:57:48|2018-07-08 19:57:48|t
155|10:00:00|12:00:00|Tue|11|5|1|70|2018-07-08 19:57:48|2018-07-08 19:57:48|t
156|12:00:00|14:00:00|Tue|11|1|2|71|2018-07-08 19:57:48|2018-07-08 19:57:48|t
157|08:00:00|10:00:00|Wed|11|2|20|66|2018-07-08 19:57:48|2018-07-08 19:57:48|t
158|10:00:00|12:00:00|Wed|11|1|21|67|2018-07-08 19:57:48|2018-07-08 19:57:48|t
159|12:00:00|14:00:00|Wed|11|2|22|68|2018-07-08 19:57:48|2018-07-08 19:57:48|t
160|08:00:00|10:00:00|Thu|11|3|23|69|2018-07-08 19:57:48|2018-07-08 19:57:48|t
161|10:00:00|12:00:00|Thu|11|4|1|70|2018-07-08 19:57:48|2018-07-08 19:57:48|t
162|12:00:00|14:00:00|Thu|11|5|2|71|2018-07-08 19:57:48|2018-07-08 19:57:48|t
163|08:00:00|10:00:00|Fri|11|1|20|66|2018-07-08 19:57:48|2018-07-08 19:57:48|t
164|10:00:00|12:00:00|Fri|11|2|21|67|2018-07-08 19:57:48|2018-07-08 19:57:48|t
165|12:00:00|14:00:00|Fri|11|1|22|68|2018-07-08 19:57:48|2018-07-08 19:57:48|t
166|08:00:00|10:00:00|Mon|12|1|3|72|2018-07-08 19:57:48|2018-07-08 19:57:48|t
167|10:00:00|12:00:00|Mon|12|2|4|73|2018-07-08 19:57:48|2018-07-08 19:57:48|t
168|12:00:00|14:00:00|Mon|12|3|5|74|2018-07-08 19:57:48|2018-07-08 19:57:48|t
169|08:00:00|10:00:00|Tue|12|4|6|75|2018-07-08 19:57:48|2018-07-08 19:57:48|t
170|10:00:00|12:00:00|Tue|12|5|7|76|2018-07-08 19:57:48|2018-07-08 19:57:48|t
171|12:00:00|14:00:00|Tue|12|1|3|72|2018-07-08 19:57:48|2018-07-08 19:57:48|t
172|08:00:00|10:00:00|Wed|12|2|4|73|2018-07-08 19:57:48|2018-07-08 19:57:48|t
173|10:00:00|12:00:00|Wed|12|1|5|74|2018-07-08 19:57:48|2018-07-08 19:57:48|t
174|12:00:00|14:00:00|Wed|12|2|6|75|2018-07-08 19:57:48|2018-07-08 19:57:48|t
175|08:00:00|10:00:00|Thu|12|3|7|76|2018-07-08 19:57:48|2018-07-08 19:57:48|t
176|10:00:00|12:00:00|Thu|12|4|3|72|2018-07-08 19:57:48|2018-07-08 19:57:48|t
177|12:00:00|14:00:00|Thu|12|5|4|73|2018-07-08 19:57:48|2018-07-08 19:57:48|t
178|08:00:00|10:00:00|Fri|12|1|5|74|2018-07-08 19:57:48|2018-07-08 19:57:48|t
179|10:00:00|12:00:00|Fri|12|2|6|75|2018-07-08 19:57:48|2018-07-08 19:57:48|t
180|12:00:00|14:00:00|Fri|12|1|7|76|2018-07-08 19:57:48|2018-07-08 19:57:48|t
181|08:00:00|10:00:00|Mon|13|1|8|77|2018-07-08 19:57:48|2018-07-08 19:57:48|t
182|10:00:00|12:00:00|Mon|13|2|9|78|2018-07-08 19:57:48|2018-07-08 19:57:48|t
183|12:00:00|14:00:00|Mon|13|3|10|79|2018-07-08 19:57:48|2018-07-08 19:57:48|t
184|08:00:00|10:00:00|Tue|13|4|11|80|2018-07-08 19:57:48|2018-07-08 19:57:48|t
185|10:00:00|12:00:00|Tue|13|5|12|81|2018-07-08 19:57:48|2018-07-08 19:57:48|t
186|12:00:00|14:00:00|Tue|13|1|13|82|2018-07-08 19:57:48|2018-07-08 19:57:48|t
187|08:00:00|10:00:00|Wed|13|2|14|83|2018-07-08 19:57:48|2018-07-08 19:57:48|t
188|10:00:00|12:00:00|Wed|13|1|15|84|2018-07-08 19:57:48|2018-07-08 19:57:48|t
189|12:00:00|14:00:00|Wed|13|2|8|77|2018-07-08 19:57:48|2018-07-08 19:57:48|t
190|08:00:00|10:00:00|Thu|13|3|9|78|2018-07-08 19:57:48|2018-07-08 19:57:48|t
191|10:00:00|12:00:00|Thu|13|4|10|79|2018-07-08 19:57:48|2018-07-08 19:57:48|t
192|12:00:00|14:00:00|Thu|13|5|11|80|2018-07-08 19:57:48|2018-07-08 19:57:48|t
193|08:00:00|10:00:00|Fri|13|1|12|81|2018-07-08 19:57:48|2018-07-08 19:57:48|t
194|10:00:00|12:00:00|Fri|13|2|13|82|2018-07-08 19:57:48|2018-07-08 19:57:48|t
195|12:00:00|14:00:00|Fri|13|1|14|83|2018-07-08 19:57:48|2018-07-08 19:57:48|t
196|08:00:00|10:00:00|Mon|14|1|15|85|2018-07-08 19:57:48|2018-07-08 19:57:48|t
197|10:00:00|12:00:00|Mon|14|2|16|86|2018-07-08 19:57:48|2018-07-08 19:57:48|t
198|12:00:00|14:00:00|Mon|14|3|17|87|2018-07-08 19:57:48|2018-07-08 19:57:48|t
199|08:00:00|10:00:00|Tue|14|4|18|88|2018-07-08 19:57:48|2018-07-08 19:57:48|t
200|10:00:00|12:00:00|Tue|14|5|19|89|2018-07-08 19:57:48|2018-07-08 19:57:48|t
201|12:00:00|14:00:00|Tue|14|1|20|90|2018-07-08 19:57:48|2018-07-08 19:57:48|t
202|08:00:00|10:00:00|Wed|14|2|21|91|2018-07-08 19:57:48|2018-07-08 19:57:48|t
203|10:00:00|12:00:00|Wed|14|1|22|92|2018-07-08 19:57:48|2018-07-08 19:57:48|t
204|12:00:00|14:00:00|Wed|14|2|15|85|2018-07-08 19:57:48|2018-07-08 19:57:48|t
205|08:00:00|10:00:00|Thu|14|3|16|86|2018-07-08 19:57:48|2018-07-08 19:57:48|t
206|10:00:00|12:00:00|Thu|14|4|17|87|2018-07-08 19:57:48|2018-07-08 19:57:48|t
207|12:00:00|14:00:00|Thu|14|5|18|88|2018-07-08 19:57:48|2018-07-08 19:57:48|t
208|08:00:00|10:00:00|Fri|14|1|19|89|2018-07-08 19:57:48|2018-07-08 19:57:48|t
209|10:00:00|12:00:00|Fri|14|2|20|90|2018-07-08 19:57:48|2018-07-08 19:57:48|t
210|12:00:00|14:00:00|Fri|14|1|21|91|2018-07-08 19:57:48|2018-07-08 19:57:48|t
211|08:00:00|10:00:00|Mon|15|1|23|93|2018-07-08 19:57:48|2018-07-08 19:57:48|t
212|10:00:00|12:00:00|Mon|15|2|1|94|2018-07-08 19:57:48|2018-07-08 19:57:48|t
213|12:00:00|14:00:00|Mon|15|3|2|95|2018-07-08 19:57:48|2018-07-08 19:57:48|t
214|08:00:00|10:00:00|Tue|15|4|3|96|2018-07-08 19:57:48|2018-07-08 19:57:48|t
215|10:00:00|12:00:00|Tue|15|5|4|97|2018-07-08 19:57:48|2018-07-08 19:57:48|t
216|12:00:00|14:00:00|Tue|15|1|5|98|2018-07-08 19:57:48|2018-07-08 19:57:48|t
217|08:00:00|10:00:00|Wed|15|2|6|99|2018-07-08 19:57:48|2018-07-08 19:57:48|t
218|10:00:00|12:00:00|Wed|15|1|7|100|2018-07-08 19:57:48|2018-07-08 19:57:48|t
219|12:00:00|14:00:00|Wed|15|2|8|101|2018-07-08 19:57:48|2018-07-08 19:57:48|t
220|08:00:00|10:00:00|Thu|15|3|9|102|2018-07-08 19:57:48|2018-07-08 19:57:48|t
221|10:00:00|12:00:00|Thu|15|4|23|93|2018-07-08 19:57:48|2018-07-08 19:57:48|t
222|12:00:00|14:00:00|Thu|15|5|1|94|2018-07-08 19:57:48|2018-07-08 19:57:48|t
223|08:00:00|10:00:00|Fri|15|1|2|95|2018-07-08 19:57:48|2018-07-08 19:57:48|t
224|10:00:00|12:00:00|Fri|15|2|3|96|2018-07-08 19:57:48|2018-07-08 19:57:48|t
225|12:00:00|14:00:00|Fri|15|1|4|97|2018-07-08 19:57:48|2018-07-08 19:57:48|t
226|08:00:00|10:00:00|Mon|16|1|5|103|2018-07-08 19:57:48|2018-07-08 19:57:48|t
227|10:00:00|12:00:00|Mon|16|2|6|104|2018-07-08 19:57:48|2018-07-08 19:57:48|t
228|12:00:00|14:00:00|Mon|16|3|7|105|2018-07-08 19:57:48|2018-07-08 19:57:48|t
229|08:00:00|10:00:00|Tue|16|4|8|106|2018-07-08 19:57:48|2018-07-08 19:57:48|t
230|10:00:00|12:00:00|Tue|16|5|9|107|2018-07-08 19:57:49|2018-07-08 19:57:49|t
231|12:00:00|14:00:00|Tue|16|1|10|108|2018-07-08 19:57:49|2018-07-08 19:57:49|t
232|08:00:00|10:00:00|Wed|16|2|11|109|2018-07-08 19:57:49|2018-07-08 19:57:49|t
233|10:00:00|12:00:00|Wed|16|1|5|103|2018-07-08 19:57:49|2018-07-08 19:57:49|t
234|12:00:00|14:00:00|Wed|16|2|6|104|2018-07-08 19:57:49|2018-07-08 19:57:49|t
235|08:00:00|10:00:00|Thu|16|3|7|105|2018-07-08 19:57:49|2018-07-08 19:57:49|t
236|10:00:00|12:00:00|Thu|16|4|8|106|2018-07-08 19:57:49|2018-07-08 19:57:49|t
237|12:00:00|14:00:00|Thu|16|5|9|107|2018-07-08 19:57:49|2018-07-08 19:57:49|t
238|08:00:00|10:00:00|Fri|16|1|10|108|2018-07-08 19:57:49|2018-07-08 19:57:49|t
239|10:00:00|12:00:00|Fri|16|2|11|109|2018-07-08 19:57:49|2018-07-08 19:57:49|t
240|12:00:00|14:00:00|Fri|16|1|5|103|2018-07-08 19:57:49|2018-07-08 19:57:49|t
241|08:00:00|10:00:00|Mon|17|1|12|110|2018-07-08 19:57:49|2018-07-08 19:57:49|t
242|10:00:00|12:00:00|Mon|17|2|13|111|2018-07-08 19:57:49|2018-07-08 19:57:49|t
243|12:00:00|14:00:00|Mon|17|3|14|112|2018-07-08 19:57:49|2018-07-08 19:57:49|t
244|08:00:00|10:00:00|Tue|17|4|15|113|2018-07-08 19:57:49|2018-07-08 19:57:49|t
245|10:00:00|12:00:00|Tue|17|5|16|114|2018-07-08 19:57:49|2018-07-08 19:57:49|t
246|12:00:00|14:00:00|Tue|17|1|17|115|2018-07-08 19:57:49|2018-07-08 19:57:49|t
247|08:00:00|10:00:00|Wed|17|2|18|116|2018-07-08 19:57:49|2018-07-08 19:57:49|t
248|10:00:00|12:00:00|Wed|17|1|19|117|2018-07-08 19:57:49|2018-07-08 19:57:49|t
249|12:00:00|14:00:00|Wed|17|2|20|118|2018-07-08 19:57:49|2018-07-08 19:57:49|t
250|08:00:00|10:00:00|Thu|17|3|21|119|2018-07-08 19:57:49|2018-07-08 19:57:49|t
251|10:00:00|12:00:00|Thu|17|4|12|110|2018-07-08 19:57:49|2018-07-08 19:57:49|t
252|12:00:00|14:00:00|Thu|17|5|13|111|2018-07-08 19:57:49|2018-07-08 19:57:49|t
253|08:00:00|10:00:00|Fri|17|1|14|112|2018-07-08 19:57:49|2018-07-08 19:57:49|t
254|10:00:00|12:00:00|Fri|17|2|15|113|2018-07-08 19:57:49|2018-07-08 19:57:49|t
255|12:00:00|14:00:00|Fri|17|1|16|114|2018-07-08 19:57:49|2018-07-08 19:57:49|t
256|08:00:00|10:00:00|Mon|18|1|22|120|2018-07-08 19:57:49|2018-07-08 19:57:49|t
257|10:00:00|12:00:00|Mon|18|2|23|121|2018-07-08 19:57:49|2018-07-08 19:57:49|t
258|12:00:00|14:00:00|Mon|18|3|1|122|2018-07-08 19:57:49|2018-07-08 19:57:49|t
259|08:00:00|10:00:00|Tue|18|4|2|123|2018-07-08 19:57:49|2018-07-08 19:57:49|t
260|10:00:00|12:00:00|Tue|18|5|3|124|2018-07-08 19:57:49|2018-07-08 19:57:49|t
261|12:00:00|14:00:00|Tue|18|1|4|125|2018-07-08 19:57:49|2018-07-08 19:57:49|t
262|08:00:00|10:00:00|Wed|18|2|5|126|2018-07-08 19:57:49|2018-07-08 19:57:49|t
263|10:00:00|12:00:00|Wed|18|1|22|120|2018-07-08 19:57:49|2018-07-08 19:57:49|t
264|12:00:00|14:00:00|Wed|18|2|23|121|2018-07-08 19:57:49|2018-07-08 19:57:49|t
265|08:00:00|10:00:00|Thu|18|3|1|122|2018-07-08 19:57:49|2018-07-08 19:57:49|t
266|10:00:00|12:00:00|Thu|18|4|2|123|2018-07-08 19:57:49|2018-07-08 19:57:49|t
267|12:00:00|14:00:00|Thu|18|5|3|124|2018-07-08 19:57:49|2018-07-08 19:57:49|t
268|08:00:00|10:00:00|Fri|18|1|4|125|2018-07-08 19:57:49|2018-07-08 19:57:49|t
269|10:00:00|12:00:00|Fri|18|2|5|126|2018-07-08 19:57:49|2018-07-08 19:57:49|t
270|12:00:00|14:00:00|Fri|18|1|22|120|2018-07-08 19:57:49|2018-07-08 19:57:49|t
271|08:00:00|10:00:00|Mon|19|1|6|127|2018-07-08 19:57:49|2018-07-08 19:57:49|t
272|10:00:00|12:00:00|Mon|19|2|7|128|2018-07-08 19:57:49|2018-07-08 19:57:49|t
273|12:00:00|14:00:00|Mon|19|3|8|129|2018-07-08 19:57:49|2018-07-08 19:57:49|t
274|08:00:00|10:00:00|Tue|19|4|9|130|2018-07-08 19:57:49|2018-07-08 19:57:49|t
275|10:00:00|12:00:00|Tue|19|5|10|131|2018-07-08 19:57:49|2018-07-08 19:57:49|t
276|12:00:00|14:00:00|Tue|19|1|11|132|2018-07-08 19:57:49|2018-07-08 19:57:49|t
277|08:00:00|10:00:00|Wed|19|2|12|133|2018-07-08 19:57:49|2018-07-08 19:57:49|t
278|10:00:00|12:00:00|Wed|19|1|13|134|2018-07-08 19:57:49|2018-07-08 19:57:49|t
279|12:00:00|14:00:00|Wed|19|2|14|135|2018-07-08 19:57:49|2018-07-08 19:57:49|t
280|08:00:00|10:00:00|Thu|19|3|15|136|2018-07-08 19:57:49|2018-07-08 19:57:49|t
281|10:00:00|12:00:00|Thu|19|4|6|127|2018-07-08 19:57:49|2018-07-08 19:57:49|t
282|12:00:00|14:00:00|Thu|19|5|7|128|2018-07-08 19:57:49|2018-07-08 19:57:49|t
283|08:00:00|10:00:00|Fri|19|1|8|129|2018-07-08 19:57:49|2018-07-08 19:57:49|t
284|10:00:00|12:00:00|Fri|19|2|9|130|2018-07-08 19:57:49|2018-07-08 19:57:49|t
285|12:00:00|14:00:00|Fri|19|1|10|131|2018-07-08 19:57:49|2018-07-08 19:57:49|t
286|08:00:00|10:00:00|Mon|20|1|16|137|2018-07-08 19:57:49|2018-07-08 19:57:49|t
287|10:00:00|12:00:00|Mon|20|2|17|138|2018-07-08 19:57:49|2018-07-08 19:57:49|t
288|12:00:00|14:00:00|Mon|20|3|18|139|2018-07-08 19:57:49|2018-07-08 19:57:49|t
289|08:00:00|10:00:00|Tue|20|4|19|140|2018-07-08 19:57:49|2018-07-08 19:57:49|t
290|10:00:00|12:00:00|Tue|20|5|20|141|2018-07-08 19:57:49|2018-07-08 19:57:49|t
291|12:00:00|14:00:00|Tue|20|1|21|142|2018-07-08 19:57:49|2018-07-08 19:57:49|t
292|08:00:00|10:00:00|Wed|20|2|22|143|2018-07-08 19:57:49|2018-07-08 19:57:49|t
293|10:00:00|12:00:00|Wed|20|1|16|137|2018-07-08 19:57:49|2018-07-08 19:57:49|t
294|12:00:00|14:00:00|Wed|20|2|17|138|2018-07-08 19:57:49|2018-07-08 19:57:49|t
295|08:00:00|10:00:00|Thu|20|3|18|139|2018-07-08 19:57:49|2018-07-08 19:57:49|t
296|10:00:00|12:00:00|Thu|20|4|19|140|2018-07-08 19:57:49|2018-07-08 19:57:49|t
297|12:00:00|14:00:00|Thu|20|5|20|141|2018-07-08 19:57:49|2018-07-08 19:57:49|t
298|08:00:00|10:00:00|Fri|20|1|21|142|2018-07-08 19:57:49|2018-07-08 19:57:49|t
299|10:00:00|12:00:00|Fri|20|2|22|143|2018-07-08 19:57:49|2018-07-08 19:57:49|t
300|12:00:00|14:00:00|Fri|20|1|16|137|2018-07-08 19:57:49|2018-07-08 19:57:49|t
